"ImageNumber","Image_FileName_OrigER","Image_FileName_OrigHoechst","Image_FileName_OrigMito","Image_FileName_OrigPh_golgi","Image_FileName_OrigSyto","Image_Metadata_ASSAY_WELL_ROLE","Image_Metadata_BROAD_ID","Image_Metadata_CPD_MMOL_CONC","Image_Metadata_CPD_PLATE_MAP_NAME","Image_Metadata_CPD_SMILES","Image_Metadata_CPD_WELL_POSITION","Image_Metadata_PlateID","Image_Metadata_SOURCE_COMPOUND_NAME","Image_Metadata_SOURCE_NAME","Image_Metadata_Site","Image_Metadata_Time","Image_PathName_OrigER","Image_PathName_OrigHoechst","Image_PathName_OrigMito","Image_PathName_OrigPh_golgi","Image_PathName_OrigSyto"
1450,"IXMtest_G18_s1_w24D521E0B-621A-413F-95F8-61C2104B149B.tif","IXMtest_G18_s1_w1040F5B64-6C4E-4D67-957C-CBE79BF9D88E.tif","IXMtest_G18_s1_w52C066EE0-FF07-4147-897F-1CD3D3C18208.tif","IXMtest_G18_s1_w43CBED0A9-C72B-488E-89D4-F2AB15BDC401.tif","IXMtest_G18_s1_w338EE6EC3-2229-44F0-8175-0D5A2820367D.tif","compound","BRD-K14796088-003-06-0",2.68224399536765733367901543741735215773,"H-BIOA-002-1","COc1ccc2cc3-c4cc5OCOc5cc4CC[n+]3cc2c1OC","G18",20585,"Berberine chloride","Prestwick Chemical Inc.",1,1267553202314,"20585/","20585/","20585/","20585/","20585/"
1451,"IXMtest_G18_s2_w2582EFC8B-1228-4F9E-B9B9-D9261F1A8449.tif","IXMtest_G18_s2_w1F95DEE5C-2428-43FC-8354-713190F55762.tif","IXMtest_G18_s2_w53DC596E6-28FD-42B0-82B5-F84D83906FC3.tif","IXMtest_G18_s2_w4BE28AC75-A014-4E76-B95A-DA36921123E8.tif","IXMtest_G18_s2_w3381C15BD-3E11-44CD-A6E0-D4FEE746EBFE.tif","compound","BRD-K14796088-003-06-0",2.68224399536765733367901543741735215773,"H-BIOA-002-1","COc1ccc2cc3-c4cc5OCOc5cc4CC[n+]3cc2c1OC","G18",20585,"Berberine chloride","Prestwick Chemical Inc.",2,1267553206613,"20585/","20585/","20585/","20585/","20585/"
1452,"IXMtest_G18_s3_w27AFDB504-34C1-4619-B287-78D9FA183293.tif","IXMtest_G18_s3_w173DAEBC2-352F-4EBA-AA68-5448DFD3E1C6.tif","IXMtest_G18_s3_w52397E5B8-6729-4CFD-B047-DE08808CC2F8.tif","IXMtest_G18_s3_w4E3C046B3-1D06-4E42-A4F3-1C6A15C29353.tif","IXMtest_G18_s3_w33D98E0A5-E4AA-4C0E-91F1-1A2786CBCDAB.tif","compound","BRD-K14796088-003-06-0",2.68224399536765733367901543741735215773,"H-BIOA-002-1","COc1ccc2cc3-c4cc5OCOc5cc4CC[n+]3cc2c1OC","G18",20585,"Berberine chloride","Prestwick Chemical Inc.",3,1267553210641,"20585/","20585/","20585/","20585/","20585/"
1453,"IXMtest_G18_s4_w24A238F33-280E-4C28-85EF-4014A3B7EF3F.tif","IXMtest_G18_s4_w190D2B46A-34D3-4B61-AB89-818E7458D575.tif","IXMtest_G18_s4_w51723399A-40C2-4B0C-AF1A-8202BF2C0AB9.tif","IXMtest_G18_s4_w466A7F0C0-8156-473C-9882-D53A2B069B8B.tif","IXMtest_G18_s4_w3566F8CF2-5430-4E38-9D52-60528D637434.tif","compound","BRD-K14796088-003-06-0",2.68224399536765733367901543741735215773,"H-BIOA-002-1","COc1ccc2cc3-c4cc5OCOc5cc4CC[n+]3cc2c1OC","G18",20585,"Berberine chloride","Prestwick Chemical Inc.",4,1267553215072,"20585/","20585/","20585/","20585/","20585/"
1454,"IXMtest_G18_s5_w21D0C638A-C3B1-4F93-9D43-21B33DF6A6B1.tif","IXMtest_G18_s5_w19969B154-ADAD-4110-ACCD-254FD11A19E4.tif","IXMtest_G18_s5_w5BA44FC21-560B-4891-8ACC-E1FE0F5E606F.tif","IXMtest_G18_s5_w46CD8506A-D2F4-4F25-984B-82C8A2EFC335.tif","IXMtest_G18_s5_w309F2331B-3F0E-4884-8CC3-EA612454B8E5.tif","compound","BRD-K14796088-003-06-0",2.68224399536765733367901543741735215773,"H-BIOA-002-1","COc1ccc2cc3-c4cc5OCOc5cc4CC[n+]3cc2c1OC","G18",20585,"Berberine chloride","Prestwick Chemical Inc.",5,1267553219178,"20585/","20585/","20585/","20585/","20585/"
1455,"IXMtest_G18_s6_w24A60FEB7-F054-4731-80B9-30A95AC8D043.tif","IXMtest_G18_s6_w1BC4F6E5F-E762-4866-9672-8DA67FF42C17.tif","IXMtest_G18_s6_w545603831-7D8C-4F4D-83F9-4A4D5F64C76A.tif","IXMtest_G18_s6_w4C538F0A7-9DF0-4348-B860-8A5BB8097335.tif","IXMtest_G18_s6_w30A7B5571-A901-40B8-9784-7F6FD35BC289.tif","compound","BRD-K14796088-003-06-0",2.68224399536765733367901543741735215773,"H-BIOA-002-1","COc1ccc2cc3-c4cc5OCOc5cc4CC[n+]3cc2c1OC","G18",20585,"Berberine chloride","Prestwick Chemical Inc.",6,1267553223306,"20585/","20585/","20585/","20585/","20585/"
1456,"IXMtest_G18_s7_w216477264-579E-40A6-86F8-C41D6B422CB8.tif","IXMtest_G18_s7_w1118E20E4-34DB-4280-92E1-5A581EF15DB6.tif","IXMtest_G18_s7_w533286B98-CD40-4308-9741-4AA47C42DF5C.tif","IXMtest_G18_s7_w4B1A75A30-2309-436D-8182-98461FF1C0D1.tif","IXMtest_G18_s7_w314CB6F94-AC71-4F5C-AE58-FA7209E20258.tif","compound","BRD-K14796088-003-06-0",2.68224399536765733367901543741735215773,"H-BIOA-002-1","COc1ccc2cc3-c4cc5OCOc5cc4CC[n+]3cc2c1OC","G18",20585,"Berberine chloride","Prestwick Chemical Inc.",7,1267553227507,"20585/","20585/","20585/","20585/","20585/"
1457,"IXMtest_G18_s8_w2704463D1-3312-4548-9406-70A39BC8CE26.tif","IXMtest_G18_s8_w1FFE4C6B3-0AFD-4816-9E76-C811ECB108E9.tif","IXMtest_G18_s8_w5C0B9F603-5869-4A4E-8BAB-E21EACF81CEC.tif","IXMtest_G18_s8_w4A25AE22C-3578-49E2-89FE-E638AD0DFD2B.tif","IXMtest_G18_s8_w3D5F53B67-BB41-456A-9B07-C3B741278849.tif","compound","BRD-K14796088-003-06-0",2.68224399536765733367901543741735215773,"H-BIOA-002-1","COc1ccc2cc3-c4cc5OCOc5cc4CC[n+]3cc2c1OC","G18",20585,"Berberine chloride","Prestwick Chemical Inc.",8,1267553231641,"20585/","20585/","20585/","20585/","20585/"
1458,"IXMtest_G18_s9_w22F869680-3739-4F7E-AC94-0F300987A4C2.tif","IXMtest_G18_s9_w10C879C5E-0D8B-4C5E-8DD3-DBE8C721C6A0.tif","IXMtest_G18_s9_w5C73E4FFA-9B2E-4D29-B71E-81C5F214BA85.tif","IXMtest_G18_s9_w43566B744-A8B2-4FC2-B562-509C5707C9D2.tif","IXMtest_G18_s9_w314D65FF4-8F19-4A4A-AE3F-12517612747E.tif","compound","BRD-K14796088-003-06-0",2.68224399536765733367901543741735215773,"H-BIOA-002-1","COc1ccc2cc3-c4cc5OCOc5cc4CC[n+]3cc2c1OC","G18",20585,"Berberine chloride","Prestwick Chemical Inc.",9,1267553235810,"20585/","20585/","20585/","20585/","20585/"
18730,"IXMtest_G18_s1_w2EA22EBD0-0DE6-4C80-BFFF-63AC405C556C.tif","IXMtest_G18_s1_w1C815F7F1-0BCD-4749-B35A-A93580472469.tif","IXMtest_G18_s1_w5BB379A53-FB81-4059-B8D3-C3C957252990.tif","IXMtest_G18_s1_w4A79D8E58-D1C2-436C-AE8C-2772FEA41402.tif","IXMtest_G18_s1_w3992D3412-FE29-46CC-9542-AB0C2D5FD0A1.tif","compound","BRD-K14796088-003-06-0",2.68224399536765733367901543741735215773,"H-BIOA-002-1","COc1ccc2cc3-c4cc5OCOc5cc4CC[n+]3cc2c1OC","G18",20592,"Berberine chloride","Prestwick Chemical Inc.",1,1267639123781,"20592/","20592/","20592/","20592/","20592/"
18731,"IXMtest_G18_s2_w202303BD7-CC1B-4340-8015-CCB8C2B3EFDD.tif","IXMtest_G18_s2_w14536F0CB-A109-4FDC-9FBB-C098C4036745.tif","IXMtest_G18_s2_w580A65CF8-8662-4DF1-9985-3F3D222B046B.tif","IXMtest_G18_s2_w462684315-DE0F-4082-9930-6096DFD3B5FB.tif","IXMtest_G18_s2_w356F5ECEC-E128-449E-B213-BF2D6FC790BA.tif","compound","BRD-K14796088-003-06-0",2.68224399536765733367901543741735215773,"H-BIOA-002-1","COc1ccc2cc3-c4cc5OCOc5cc4CC[n+]3cc2c1OC","G18",20592,"Berberine chloride","Prestwick Chemical Inc.",2,1267639128042,"20592/","20592/","20592/","20592/","20592/"
18732,"IXMtest_G18_s3_w234F419E4-2551-4EE4-994F-82A3B41602BA.tif","IXMtest_G18_s3_w1621CA9D2-EE44-4D3B-B32F-7989D5BF63D7.tif","IXMtest_G18_s3_w5C3F94BFC-2005-4D09-BB6D-3259B85250F6.tif","IXMtest_G18_s3_w4E35BE740-A94A-443A-BB1F-81679D3E273C.tif","IXMtest_G18_s3_w3089D96C7-62CE-4B48-8C74-6F1E16404F47.tif","compound","BRD-K14796088-003-06-0",2.68224399536765733367901543741735215773,"H-BIOA-002-1","COc1ccc2cc3-c4cc5OCOc5cc4CC[n+]3cc2c1OC","G18",20592,"Berberine chloride","Prestwick Chemical Inc.",3,1267639132174,"20592/","20592/","20592/","20592/","20592/"
18733,"IXMtest_G18_s4_w2DC0EF217-3BE7-4A27-A782-20E3ABB0A8C6.tif","IXMtest_G18_s4_w16C46C248-15D0-4B0F-999B-D0049FB90451.tif","IXMtest_G18_s4_w5689997AC-441B-480D-9FAC-F76CE9FA4414.tif","IXMtest_G18_s4_w40458F5C6-E528-4BBD-80DA-68B125FB97D2.tif","IXMtest_G18_s4_w32C352E62-4C11-4F67-BD94-DEC358ECA1C1.tif","compound","BRD-K14796088-003-06-0",2.68224399536765733367901543741735215773,"H-BIOA-002-1","COc1ccc2cc3-c4cc5OCOc5cc4CC[n+]3cc2c1OC","G18",20592,"Berberine chloride","Prestwick Chemical Inc.",4,1267639136497,"20592/","20592/","20592/","20592/","20592/"
18734,"IXMtest_G18_s5_w27FDA01E7-D8D1-4E9B-B9E0-524F1D413D3F.tif","IXMtest_G18_s5_w11E4F9055-006C-4F5B-B98C-9EC2F246CAAF.tif","IXMtest_G18_s5_w5B7C0E232-42E0-41C8-B51C-F91808E5537B.tif","IXMtest_G18_s5_w44DC724E7-39C3-4552-8F7E-B95C7E45B4C6.tif","IXMtest_G18_s5_w368982EF8-32AE-4E47-AFEF-3FB103B2B5B9.tif","compound","BRD-K14796088-003-06-0",2.68224399536765733367901543741735215773,"H-BIOA-002-1","COc1ccc2cc3-c4cc5OCOc5cc4CC[n+]3cc2c1OC","G18",20592,"Berberine chloride","Prestwick Chemical Inc.",5,1267639140318,"20592/","20592/","20592/","20592/","20592/"
18735,"IXMtest_G18_s6_w26FCBBB79-9F05-45E8-8226-89E511E00F37.tif","IXMtest_G18_s6_w1AC03DAF2-D07B-457F-B1F8-A04C1086B335.tif","IXMtest_G18_s6_w50DE3BD8D-02F4-42DD-A10F-6A0426FFFD3B.tif","IXMtest_G18_s6_w48EDB3F0F-1F3F-45B6-A55B-1B91953E7C5D.tif","IXMtest_G18_s6_w30CC31D8C-AB41-4293-B085-AB0C97956AD6.tif","compound","BRD-K14796088-003-06-0",2.68224399536765733367901543741735215773,"H-BIOA-002-1","COc1ccc2cc3-c4cc5OCOc5cc4CC[n+]3cc2c1OC","G18",20592,"Berberine chloride","Prestwick Chemical Inc.",6,1267639144576,"20592/","20592/","20592/","20592/","20592/"
18736,"IXMtest_G18_s7_w2CAF7B682-FBB2-43EB-B7AD-4A4412CBFE83.tif","IXMtest_G18_s7_w1BC02C156-1A3C-4B91-98F0-ED717CBC457A.tif","IXMtest_G18_s7_w5D8B71B0C-D866-467F-A92E-0F25C4673FCB.tif","IXMtest_G18_s7_w4A87FE377-94B0-4E18-87F2-4A0E8CDDB7A9.tif","IXMtest_G18_s7_w349717EE3-4208-4718-A804-55235EE13C00.tif","compound","BRD-K14796088-003-06-0",2.68224399536765733367901543741735215773,"H-BIOA-002-1","COc1ccc2cc3-c4cc5OCOc5cc4CC[n+]3cc2c1OC","G18",20592,"Berberine chloride","Prestwick Chemical Inc.",7,1267639148756,"20592/","20592/","20592/","20592/","20592/"
18737,"IXMtest_G18_s8_w20C64201A-3478-4DE3-93E6-29DB6FFD4C22.tif","IXMtest_G18_s8_w11BA8A9BA-567F-4AA3-8D9B-0D8D2467E85D.tif","IXMtest_G18_s8_w5CE1406E2-8C9E-4B8F-9C28-4AF9F5A0E0EB.tif","IXMtest_G18_s8_w47E98AF27-0557-4B86-A5BC-76BD6FEF8600.tif","IXMtest_G18_s8_w3E479B00E-CB58-40A5-B6D2-1CE74A928DC3.tif","compound","BRD-K14796088-003-06-0",2.68224399536765733367901543741735215773,"H-BIOA-002-1","COc1ccc2cc3-c4cc5OCOc5cc4CC[n+]3cc2c1OC","G18",20592,"Berberine chloride","Prestwick Chemical Inc.",8,1267639152855,"20592/","20592/","20592/","20592/","20592/"
18738,"IXMtest_G18_s9_w256928B01-0631-4C2E-B462-BB4CEFE3AC1C.tif","IXMtest_G18_s9_w106A8479E-D77B-4414-9B8B-DEDD138B9EA1.tif","IXMtest_G18_s9_w59224F6B8-05A4-42B5-8338-60A26753ED5A.tif","IXMtest_G18_s9_w43876EDB3-5B16-42E7-81B5-68BC62A0306D.tif","IXMtest_G18_s9_w3E5133A85-6FBA-4FE5-B1D3-EE786E242DE4.tif","compound","BRD-K14796088-003-06-0",2.68224399536765733367901543741735215773,"H-BIOA-002-1","COc1ccc2cc3-c4cc5OCOc5cc4CC[n+]3cc2c1OC","G18",20592,"Berberine chloride","Prestwick Chemical Inc.",9,1267639156929,"20592/","20592/","20592/","20592/","20592/"
36010,"IXMtest_G18_s1_w234D3D848-8DEA-4D75-9E85-5602A721D157.tif","IXMtest_G18_s1_w188EB3265-5F1E-4F16-A159-C90D8074A224.tif","IXMtest_G18_s1_w5B09451E6-6E31-4063-A708-DA6D05C1514D.tif","IXMtest_G18_s1_w4C92C04EF-93C1-4BFB-AC05-1EB2B8978772.tif","IXMtest_G18_s1_w370B994E9-4AC1-4832-8F80-5B5741CCE747.tif","compound","BRD-K14796088-003-06-0",2.68224399536765733367901543741735215773,"H-BIOA-002-1","COc1ccc2cc3-c4cc5OCOc5cc4CC[n+]3cc2c1OC","G18",20607,"Berberine chloride","Prestwick Chemical Inc.",1,1267753135077,"20607/","20607/","20607/","20607/","20607/"
36011,"IXMtest_G18_s2_w29FD102D4-75C7-4CA6-8E48-2D55F0BBE4A0.tif","IXMtest_G18_s2_w1EF01EC97-FD2E-443E-BBC1-8207FCA7857B.tif","IXMtest_G18_s2_w532E44A69-C0AE-4587-BBE0-5D9D28B7F930.tif","IXMtest_G18_s2_w40FD715B2-B804-4A5F-AC3A-78AD337B0BD9.tif","IXMtest_G18_s2_w31D143E1D-EDD8-450F-88E7-D3D15B7E1E0C.tif","compound","BRD-K14796088-003-06-0",2.68224399536765733367901543741735215773,"H-BIOA-002-1","COc1ccc2cc3-c4cc5OCOc5cc4CC[n+]3cc2c1OC","G18",20607,"Berberine chloride","Prestwick Chemical Inc.",2,1267753139303,"20607/","20607/","20607/","20607/","20607/"
36012,"IXMtest_G18_s3_w2A3ADB73A-3A04-4974-AC34-867092B5A7F9.tif","IXMtest_G18_s3_w1BACDE55C-956D-4B9B-AFCB-8B2C1979B3DF.tif","IXMtest_G18_s3_w5E5F27C10-DCBA-40B1-A7AE-E81845C2D130.tif","IXMtest_G18_s3_w410014F27-7223-4055-A854-F25A9BC25929.tif","IXMtest_G18_s3_w39C8390F5-550B-4068-B1D5-9D76D6E33BFD.tif","compound","BRD-K14796088-003-06-0",2.68224399536765733367901543741735215773,"H-BIOA-002-1","COc1ccc2cc3-c4cc5OCOc5cc4CC[n+]3cc2c1OC","G18",20607,"Berberine chloride","Prestwick Chemical Inc.",3,1267753143527,"20607/","20607/","20607/","20607/","20607/"
36013,"IXMtest_G18_s4_w2A791CB39-C59F-4C95-8D63-894B0A2C2640.tif","IXMtest_G18_s4_w143BB9B3F-F088-4660-80FF-8F9E0090A2B7.tif","IXMtest_G18_s4_w594E59B66-63D1-448E-A096-F8EDF30117FE.tif","IXMtest_G18_s4_w496D7A291-018F-4BC0-A656-10FA5FA94255.tif","IXMtest_G18_s4_w3A6AC0A58-2344-4815-890C-D2A09182EA14.tif","compound","BRD-K14796088-003-06-0",2.68224399536765733367901543741735215773,"H-BIOA-002-1","COc1ccc2cc3-c4cc5OCOc5cc4CC[n+]3cc2c1OC","G18",20607,"Berberine chloride","Prestwick Chemical Inc.",4,1267753147758,"20607/","20607/","20607/","20607/","20607/"
36014,"IXMtest_G18_s5_w29AC27B97-CCA4-43A0-9FF7-CB6534DC9C56.tif","IXMtest_G18_s5_w1FF4A8C15-FEC4-4257-A89E-EF69D87C5CCF.tif","IXMtest_G18_s5_w58EDE340D-44AC-4748-A423-2283E5AC1C54.tif","IXMtest_G18_s5_w48A54F333-2414-4F92-AABE-028FF4D1055F.tif","IXMtest_G18_s5_w39158098A-C975-4CFB-933C-CE629F9DDD73.tif","compound","BRD-K14796088-003-06-0",2.68224399536765733367901543741735215773,"H-BIOA-002-1","COc1ccc2cc3-c4cc5OCOc5cc4CC[n+]3cc2c1OC","G18",20607,"Berberine chloride","Prestwick Chemical Inc.",5,1267753151797,"20607/","20607/","20607/","20607/","20607/"
36015,"IXMtest_G18_s6_w20834B177-49D0-4272-B103-E8E52418C070.tif","IXMtest_G18_s6_w1D06863C8-5192-4F05-89B6-79AB9A2B853D.tif","IXMtest_G18_s6_w5DA6616FD-2793-4EA3-880F-404DD448BF3A.tif","IXMtest_G18_s6_w4C6F3C0DE-1155-462D-B1EC-B4E01111712A.tif","IXMtest_G18_s6_w3163CC1FE-1D4E-405E-8860-DBD63F49E011.tif","compound","BRD-K14796088-003-06-0",2.68224399536765733367901543741735215773,"H-BIOA-002-1","COc1ccc2cc3-c4cc5OCOc5cc4CC[n+]3cc2c1OC","G18",20607,"Berberine chloride","Prestwick Chemical Inc.",6,1267753156277,"20607/","20607/","20607/","20607/","20607/"
36016,"IXMtest_G18_s7_w2AB5AFE50-9560-42C2-BD24-EF3D4DEFB205.tif","IXMtest_G18_s7_w14D0D2D9B-BBAF-42EE-A0DC-052F202FDE73.tif","IXMtest_G18_s7_w52008D505-1AE2-4784-8693-3D3B4C7B91A0.tif","IXMtest_G18_s7_w44EB78180-0DBE-4832-BC08-60DF0653118E.tif","IXMtest_G18_s7_w351D9E88D-7988-44B2-AC90-31667116B2A2.tif","compound","BRD-K14796088-003-06-0",2.68224399536765733367901543741735215773,"H-BIOA-002-1","COc1ccc2cc3-c4cc5OCOc5cc4CC[n+]3cc2c1OC","G18",20607,"Berberine chloride","Prestwick Chemical Inc.",7,1267753160154,"20607/","20607/","20607/","20607/","20607/"
36017,"IXMtest_G18_s8_w2A61D3726-CFA5-4794-A761-B45D62708090.tif","IXMtest_G18_s8_w1582074DB-45AD-40C8-A789-62DDBF92E944.tif","IXMtest_G18_s8_w53D441F89-1738-4149-8DD6-ED9E0BEA2BF3.tif","IXMtest_G18_s8_w48A13AAF6-9715-4625-8914-C31A187CE5A3.tif","IXMtest_G18_s8_w332F651C7-8E7E-49C9-92C0-930CF30DD533.tif","compound","BRD-K14796088-003-06-0",2.68224399536765733367901543741735215773,"H-BIOA-002-1","COc1ccc2cc3-c4cc5OCOc5cc4CC[n+]3cc2c1OC","G18",20607,"Berberine chloride","Prestwick Chemical Inc.",8,1267753164300,"20607/","20607/","20607/","20607/","20607/"
36018,"IXMtest_G18_s9_w26CC2D4D7-6FA6-4648-92E2-7C5046FE8B8C.tif","IXMtest_G18_s9_w1B523A6CD-AAD1-4154-8DC2-531ADC66FDD5.tif","IXMtest_G18_s9_w5795863C5-0D55-4563-A710-F2A7EA7143FF.tif","IXMtest_G18_s9_w48520A5A4-8153-4754-9FD1-A0158CD168BE.tif","IXMtest_G18_s9_w3D1517B43-5C44-4E69-800D-B64F1F254E0B.tif","compound","BRD-K14796088-003-06-0",2.68224399536765733367901543741735215773,"H-BIOA-002-1","COc1ccc2cc3-c4cc5OCOc5cc4CC[n+]3cc2c1OC","G18",20607,"Berberine chloride","Prestwick Chemical Inc.",9,1267753168593,"20607/","20607/","20607/","20607/","20607/"
2296,"IXMtest_K16_s1_w2B1C237C7-2D3E-48B3-8DC4-5F7E0B221178.tif","IXMtest_K16_s1_w1C6616DC7-F46A-4A94-8EEE-A4ED67D5114C.tif","IXMtest_K16_s1_w5B1E3980E-D99B-4D0F-AE69-547C4E3FE8BF.tif","IXMtest_K16_s1_w48AE557FF-0502-4EA8-9130-A53AAC139353.tif","IXMtest_K16_s1_w39D7BDF93-5B0E-4BE3-BE66-23286C862277.tif","mock","","","H-BIOA-002-1","","K16",20585,"","",1,1267551597216,"20585/","20585/","20585/","20585/","20585/"
2297,"IXMtest_K16_s2_w26466ECD3-CB04-4F14-8748-9723D6111A0B.tif","IXMtest_K16_s2_w1E9AE0FB1-1ED9-4A6C-AF7B-D32174517390.tif","IXMtest_K16_s2_w55EBD945D-BB2F-4FF1-B6BE-A77DB9753E37.tif","IXMtest_K16_s2_w4C7F4D217-1E43-4563-82FE-9BB090BEE059.tif","IXMtest_K16_s2_w341A405EE-0919-42E4-B620-D8C51B6C47DF.tif","mock","","","H-BIOA-002-1","","K16",20585,"","",2,1267551601279,"20585/","20585/","20585/","20585/","20585/"
2298,"IXMtest_K16_s3_w2C4E5EAD2-1836-418B-B0A9-765CF1247E82.tif","IXMtest_K16_s3_w19C85F56F-33EE-4568-BB9E-DF159259A874.tif","IXMtest_K16_s3_w53341A051-902B-4915-B0BB-231DDEF2A312.tif","IXMtest_K16_s3_w449BF30C6-AF0B-4137-8145-08196435F2C3.tif","IXMtest_K16_s3_w3DB3EFF0B-162E-4001-93C6-47B110E6DEAC.tif","mock","","","H-BIOA-002-1","","K16",20585,"","",3,1267551605386,"20585/","20585/","20585/","20585/","20585/"
2299,"IXMtest_K16_s4_w29AB51309-9D04-437D-89E3-68AAEFC9AC09.tif","IXMtest_K16_s4_w12782774B-EBFF-4462-A966-BB0057894763.tif","IXMtest_K16_s4_w5CBE30C51-32C3-4077-87B8-EA0845C8DA98.tif","IXMtest_K16_s4_w4D4398E2D-1DAF-4916-AB4B-30951AE6DA44.tif","IXMtest_K16_s4_w3F868030D-8672-448D-99A4-4BA42F7ED4D3.tif","mock","","","H-BIOA-002-1","","K16",20585,"","",4,1267551610070,"20585/","20585/","20585/","20585/","20585/"
2300,"IXMtest_K16_s5_w24EC4C92C-40F9-45FB-8DD1-BE000444C6DE.tif","IXMtest_K16_s5_w1B81DC4AB-CF4B-4B20-952E-AF85BDF3369E.tif","IXMtest_K16_s5_w5D96F697D-F5A0-45A1-836A-9BED444E8C9E.tif","IXMtest_K16_s5_w4EE130F60-8A5C-4D64-A408-00799A062047.tif","IXMtest_K16_s5_w3E6DFE3C5-BD3F-4F10-AFE5-6120FA83847C.tif","mock","","","H-BIOA-002-1","","K16",20585,"","",5,1267551613955,"20585/","20585/","20585/","20585/","20585/"
2301,"IXMtest_K16_s6_w260AAC41A-24DA-477E-B17D-7CC5CEE863E6.tif","IXMtest_K16_s6_w1A5E1888F-184A-42E5-8E56-7C747D2AC853.tif","IXMtest_K16_s6_w526DF9E46-28F6-4AB7-9662-E1B650B5A5F2.tif","IXMtest_K16_s6_w4D6F8A572-B4A0-4AFC-9D7D-685C7A292637.tif","IXMtest_K16_s6_w34BC7FC9B-8ECA-4A2D-AB8E-93EFFD4E7705.tif","mock","","","H-BIOA-002-1","","K16",20585,"","",6,1267551618107,"20585/","20585/","20585/","20585/","20585/"
2302,"IXMtest_K16_s7_w223250504-D7AD-48BC-B53C-FABD767B2E5C.tif","IXMtest_K16_s7_w10E9C7DCA-AF9A-43F5-8D01-8E0B3429F8BA.tif","IXMtest_K16_s7_w5E0852AFC-FFA8-4D8C-8DD3-1EA2A5D07A95.tif","IXMtest_K16_s7_w4BB65CE72-D392-45E1-862C-623774D1070B.tif","IXMtest_K16_s7_w3D2B2EF50-159F-47B5-842D-E54603AD98D6.tif","mock","","","H-BIOA-002-1","","K16",20585,"","",7,1267551622227,"20585/","20585/","20585/","20585/","20585/"
2303,"IXMtest_K16_s8_w23D359E9A-715D-4331-91DB-07E79147CFAD.tif","IXMtest_K16_s8_w114865ACB-5374-4F03-9B78-31970BAEC127.tif","IXMtest_K16_s8_w53B9F7BB7-11DA-4B39-9FCA-4F6E49C1336C.tif","IXMtest_K16_s8_w4457CCF66-70E4-4CBD-9D1E-BA4C4B0ACB30.tif","IXMtest_K16_s8_w3BA9AEB89-B89D-46A8-ABCE-D30EF9EA6BAC.tif","mock","","","H-BIOA-002-1","","K16",20585,"","",8,1267551626338,"20585/","20585/","20585/","20585/","20585/"
2304,"IXMtest_K16_s9_w2962ADA22-7424-48EF-BDB4-89D3ABC22B25.tif","IXMtest_K16_s9_w1C0C2A99B-9BA5-48C8-91AB-B982FA67B70F.tif","IXMtest_K16_s9_w500FBD088-AA79-43C6-BC99-AAAA9A103A64.tif","IXMtest_K16_s9_w4704918FD-7045-4AAA-BE76-ECE92C4C1CAF.tif","IXMtest_K16_s9_w3003FCEEE-EEBC-4ACA-AC3F-7E99E6CAA685.tif","mock","","","H-BIOA-002-1","","K16",20585,"","",9,1267551630459,"20585/","20585/","20585/","20585/","20585/"
19576,"IXMtest_K16_s1_w2C7C703A1-91D9-4C41-9066-12536BC6D330.tif","IXMtest_K16_s1_w1B91B7329-1611-4591-BC74-A930B75984F5.tif","IXMtest_K16_s1_w50E01D3E3-E035-4780-BABA-7F30EB6EA162.tif","IXMtest_K16_s1_w4A0E96E71-9F2B-40CB-9187-2C278EAECDA1.tif","IXMtest_K16_s1_w3ED0D608E-BCC7-440E-9147-5108921FBDB4.tif","mock","","","H-BIOA-002-1","","K16",20592,"","",1,1267637507897,"20592/","20592/","20592/","20592/","20592/"
19577,"IXMtest_K16_s2_w2C0DEF6D4-B7CC-48FF-9362-671316726644.tif","IXMtest_K16_s2_w11B2C3737-6259-4F77-B39B-83EC1353CD43.tif","IXMtest_K16_s2_w55AD45A64-4F85-401D-8FB4-C0DE91B55C3A.tif","IXMtest_K16_s2_w40BFE68B2-1754-45C5-B1BB-9185B13F06C5.tif","IXMtest_K16_s2_w35D61D4A2-A752-4E46-93A2-5CD44A9EAD70.tif","mock","","","H-BIOA-002-1","","K16",20592,"","",2,1267637512060,"20592/","20592/","20592/","20592/","20592/"
19578,"IXMtest_K16_s3_w247F8F27B-F0F2-4C8F-9D80-9A02E972514F.tif","IXMtest_K16_s3_w145D061A9-5191-4D58-B475-8D159DF75E06.tif","IXMtest_K16_s3_w5D28A971E-8262-46E5-AE56-BDAD4050095C.tif","IXMtest_K16_s3_w4FF6709C5-480F-4162-B5CA-C513DFF3FBE3.tif","IXMtest_K16_s3_w3B4BEE114-4276-47C4-99BD-08739BDE5472.tif","mock","","","H-BIOA-002-1","","K16",20592,"","",3,1267637516152,"20592/","20592/","20592/","20592/","20592/"
19579,"IXMtest_K16_s4_w2CC973447-B178-4A03-BA26-28F562609D9E.tif","IXMtest_K16_s4_w16602ED6D-AF5D-42AB-A879-97F521DEDD0C.tif","IXMtest_K16_s4_w5A2281576-F4B6-4CA1-A172-53D7CE1C2259.tif","IXMtest_K16_s4_w466AD6C83-29BD-456F-8354-4EC82B648D97.tif","IXMtest_K16_s4_w37649D982-4CDA-4250-A668-FD75B6426C00.tif","mock","","","H-BIOA-002-1","","K16",20592,"","",4,1267637520438,"20592/","20592/","20592/","20592/","20592/"
19580,"IXMtest_K16_s5_w2D5E3D77E-3CC3-4041-AB09-DCA3E1E5F954.tif","IXMtest_K16_s5_w10128455B-CFD5-47FF-A9B6-10B5A15B50D3.tif","IXMtest_K16_s5_w56D68C098-1E96-48DD-81F8-4C269F20C5A1.tif","IXMtest_K16_s5_w47F99AFFE-AC33-4D52-B605-072666C43AC7.tif","IXMtest_K16_s5_w3EF883E72-EAE3-4D0C-9BE8-C40E34CB123A.tif","mock","","","H-BIOA-002-1","","K16",20592,"","",5,1267637524426,"20592/","20592/","20592/","20592/","20592/"
19581,"IXMtest_K16_s6_w2634AAD42-637C-4BA9-A1A0-C73B629FC528.tif","IXMtest_K16_s6_w1D4CDC892-AFC2-4804-9B32-7AAE33AC8BCE.tif","IXMtest_K16_s6_w509D3A3F0-ACE0-449B-9C91-04C2B1EC08AB.tif","IXMtest_K16_s6_w48223484A-EDBB-456B-99D9-822466126D1E.tif","IXMtest_K16_s6_w3F28983AE-54F9-4492-95F3-94CEFA5D99BF.tif","mock","","","H-BIOA-002-1","","K16",20592,"","",6,1267637528780,"20592/","20592/","20592/","20592/","20592/"
19582,"IXMtest_K16_s7_w2EA426E3C-2201-4A0C-9462-6EE84B22BF07.tif","IXMtest_K16_s7_w17F1FADA5-B9E5-4E00-99D4-F6B6289C1275.tif","IXMtest_K16_s7_w54B0FC375-02AD-484F-A01F-267BC6EB80C7.tif","IXMtest_K16_s7_w4C7CF8668-21DC-4626-83F7-DB05FB916050.tif","IXMtest_K16_s7_w372103B06-77C6-4A89-B8E6-7717314B7F86.tif","mock","","","H-BIOA-002-1","","K16",20592,"","",7,1267637533060,"20592/","20592/","20592/","20592/","20592/"
19583,"IXMtest_K16_s8_w27A44B797-40DA-4AAB-B04D-DE5CF825DCA8.tif","IXMtest_K16_s8_w15787A099-6AE6-437D-8C26-BFA4C315EA70.tif","IXMtest_K16_s8_w54F94140C-AA05-4201-86C6-19A41269D22D.tif","IXMtest_K16_s8_w4096EF31F-F533-4D20-85D3-6EE12FF899E8.tif","IXMtest_K16_s8_w3E0A90D4D-D850-4231-84C4-D2B6666F80A3.tif","mock","","","H-BIOA-002-1","","K16",20592,"","",8,1267637537167,"20592/","20592/","20592/","20592/","20592/"
19584,"IXMtest_K16_s9_w2B9B15104-3774-4E69-93E2-F17FF609495E.tif","IXMtest_K16_s9_w1564B9045-D9F3-420E-97F2-FE98817BA508.tif","IXMtest_K16_s9_w58FA07578-0097-47B2-9051-E4BA8570C018.tif","IXMtest_K16_s9_w471342EA9-B314-4FDB-8045-50D06DEE75CE.tif","IXMtest_K16_s9_w36376BA27-F1B6-461E-B1A5-EDEBCA6A2C46.tif","mock","","","H-BIOA-002-1","","K16",20592,"","",9,1267637541477,"20592/","20592/","20592/","20592/","20592/"
36856,"IXMtest_K16_s1_w25CD33C48-2EAE-4BB3-AED8-F644E3B6D093.tif","IXMtest_K16_s1_w19DB3B1A9-7366-41A7-B77D-9A1F87297EC0.tif","IXMtest_K16_s1_w5FD718968-CCC4-4BC7-9BA8-DC2E57C40A25.tif","IXMtest_K16_s1_w45F3A59B7-50D9-4F6B-853A-8F70E42D18A8.tif","IXMtest_K16_s1_w3AA3A51DF-4027-4462-98B7-8178BD84AEC9.tif","mock","","","H-BIOA-002-1","","K16",20607,"","",1,1267751522326,"20607/","20607/","20607/","20607/","20607/"
36857,"IXMtest_K16_s2_w28D6091E8-AA32-4CDF-A5F5-09BB2DC801BE.tif","IXMtest_K16_s2_w160375498-CD36-44F6-9DF5-BE5FD5047095.tif","IXMtest_K16_s2_w5118192BF-3B8A-4175-864D-9CF060BFB055.tif","IXMtest_K16_s2_w4D763C868-BF1C-49B6-97D5-A2DB6D35F251.tif","IXMtest_K16_s2_w34D9F0ACD-D0B0-4C38-B2DE-D0028E70A4FE.tif","mock","","","H-BIOA-002-1","","K16",20607,"","",2,1267751526541,"20607/","20607/","20607/","20607/","20607/"
36858,"IXMtest_K16_s3_w2B0A03376-C12F-4F12-9274-074F47477469.tif","IXMtest_K16_s3_w1378FC712-D720-41FB-9176-436F0A838312.tif","IXMtest_K16_s3_w574C9EBE4-DCE3-4CAA-A5E5-811857402A2D.tif","IXMtest_K16_s3_w40DA92686-3CD4-4707-8CF7-20EC9CF6B2AF.tif","IXMtest_K16_s3_w304E6B214-BF95-4CA5-B2CE-8C31C5A588DF.tif","mock","","","H-BIOA-002-1","","K16",20607,"","",3,1267751530636,"20607/","20607/","20607/","20607/","20607/"
36859,"IXMtest_K16_s4_w28C5DBBBD-9169-47B3-8F26-DFA954C4DB5B.tif","IXMtest_K16_s4_w136D2B36B-8A71-493F-9F08-7322BBD3F950.tif","IXMtest_K16_s4_w57F19D6F4-5984-4DAD-B4DE-1CA46536D3FD.tif","IXMtest_K16_s4_w4F2A3FB71-ED10-43C7-86BC-1E6EE11C54E4.tif","IXMtest_K16_s4_w3B6443935-A8E8-4DCD-AFEC-961A1437C78A.tif","mock","","","H-BIOA-002-1","","K16",20607,"","",4,1267751534583,"20607/","20607/","20607/","20607/","20607/"
36860,"IXMtest_K16_s5_w2248D94BA-ECC7-4F99-8C50-0FD7D76BC4C0.tif","IXMtest_K16_s5_w1279810C8-A9E7-45BB-AB16-4035B35FB40E.tif","IXMtest_K16_s5_w5454A329C-435B-44DE-AB70-B9C311768485.tif","IXMtest_K16_s5_w4A29F7258-1724-458B-A25A-C2426FC38DEC.tif","IXMtest_K16_s5_w3DF916C83-7A57-40A2-8AE6-08753F1D0545.tif","mock","","","H-BIOA-002-1","","K16",20607,"","",5,1267751538793,"20607/","20607/","20607/","20607/","20607/"
36861,"IXMtest_K16_s6_w2185CB441-30DE-488B-AFF7-D47FABF60EF0.tif","IXMtest_K16_s6_w19252C029-6FFA-45FF-9531-149009BD7581.tif","IXMtest_K16_s6_w56F2BD568-9C46-4312-8997-3930AB2E41AB.tif","IXMtest_K16_s6_w40CFBCF20-2A69-4ADB-9C4E-EB81DF6F4086.tif","IXMtest_K16_s6_w348900E9A-9352-4ED6-9A46-806AFB236D75.tif","mock","","","H-BIOA-002-1","","K16",20607,"","",6,1267751543051,"20607/","20607/","20607/","20607/","20607/"
36862,"IXMtest_K16_s7_w270F9FD2D-04B8-4D08-9347-96ABCA447582.tif","IXMtest_K16_s7_w12FAD9979-189D-4B66-9AD5-023A4F55C6ED.tif","IXMtest_K16_s7_w5C8E4FFAB-B68B-431E-BCF2-A51D897D7D6A.tif","IXMtest_K16_s7_w478917EA7-F152-425C-B187-C86B0625AC06.tif","IXMtest_K16_s7_w3BB764179-F05D-4AEF-9720-0F727FE655FF.tif","mock","","","H-BIOA-002-1","","K16",20607,"","",7,1267751547007,"20607/","20607/","20607/","20607/","20607/"
36863,"IXMtest_K16_s8_w2782B00C0-6C57-442D-9E51-40FA2E37FBF0.tif","IXMtest_K16_s8_w1483901AA-4B72-48D3-B722-055D00F8EE76.tif","IXMtest_K16_s8_w542302FED-C114-4560-8475-BB25095015E9.tif","IXMtest_K16_s8_w4F2C46956-80A2-4245-98E3-8EEFABD6C747.tif","IXMtest_K16_s8_w362BBC17C-4785-4F5A-819B-F2C31DCF356B.tif","mock","","","H-BIOA-002-1","","K16",20607,"","",8,1267751551580,"20607/","20607/","20607/","20607/","20607/"
36864,"IXMtest_K16_s9_w2A70463B6-0ABA-4A7F-933A-CB16F3E3C06A.tif","IXMtest_K16_s9_w1145DCB23-C44B-4D98-8B5E-F7716E590231.tif","IXMtest_K16_s9_w52750426E-4679-4995-92CF-08F867D8B645.tif","IXMtest_K16_s9_w4DDEAA9C1-E3C1-497E-BF72-C476D7280018.tif","IXMtest_K16_s9_w323EC543B-7296-4DA7-AC62-894128DB9054.tif","mock","","","H-BIOA-002-1","","K16",20607,"","",9,1267751555608,"20607/","20607/","20607/","20607/","20607/"
3412,"IXMtest_P20_s1_w2B4EF2E2A-E549-4838-810D-8AD961767821.tif","IXMtest_P20_s1_w16253F0F5-75C8-47F8-800B-5A341D729EE2.tif","IXMtest_P20_s1_w517BB3BC6-6917-4F1D-A560-DFAA5EEDC258.tif","IXMtest_P20_s1_w41AD3BEB8-DEF5-476B-8C6E-7A7A5B377507.tif","IXMtest_P20_s1_w34B8ED1FC-299E-4955-9D3D-0224E3C2EE9C.tif","compound","BRD-K89366998-001-02-4",5.00000000000000000641025641025641026463,"H-BIOA-002-1","CO[C@@H]1C[C@H](C[C@@H](C)[C@@H]2CC(=O)[C@H](C)C=C(C)[C@@H](O)[C@@H](OC)C(=O)[C@H](C)C[C@H](C)C=CC=CC=C(C)[C@H](C[C@@H]3CC[C@@H](C)[C@@](O)(O3)C(=O)C(=O)N4CCCC[C@H]4C(=O)O2)OC)CC[C@H]1O","P20",20585,"RAPAMYCIN","Biomol International Inc.",1,1267554224362,"20585/","20585/","20585/","20585/","20585/"
3413,"IXMtest_P20_s2_w2EEF11746-0637-4454-ABA6-72F3056DDD36.tif","IXMtest_P20_s2_w18D902F00-7A55-47CE-A9CA-D1327E993B14.tif","IXMtest_P20_s2_w5AF6D2A77-F118-4299-9529-42FFB6A5DCC5.tif","IXMtest_P20_s2_w42AC673C5-2244-4E71-82F2-D75D25908133.tif","IXMtest_P20_s2_w32C93798E-D814-4707-B83A-235DBEA3929A.tif","compound","BRD-K89366998-001-02-4",5.00000000000000000641025641025641026463,"H-BIOA-002-1","CO[C@@H]1C[C@H](C[C@@H](C)[C@@H]2CC(=O)[C@H](C)C=C(C)[C@@H](O)[C@@H](OC)C(=O)[C@H](C)C[C@H](C)C=CC=CC=C(C)[C@H](C[C@@H]3CC[C@@H](C)[C@@](O)(O3)C(=O)C(=O)N4CCCC[C@H]4C(=O)O2)OC)CC[C@H]1O","P20",20585,"RAPAMYCIN","Biomol International Inc.",2,1267554228438,"20585/","20585/","20585/","20585/","20585/"
3414,"IXMtest_P20_s3_w2DE2195B3-B3BF-4DE0-9FD2-B041A45F5D43.tif","IXMtest_P20_s3_w124BAC8C4-5048-4BE7-8E59-56459CD3B204.tif","IXMtest_P20_s3_w5D60A2C2F-33AE-4662-8DB4-69C449A6D232.tif","IXMtest_P20_s3_w4E08206E6-1A5F-478B-914E-553DAAF88174.tif","IXMtest_P20_s3_w34BE7A607-D1A6-43CD-A8AF-B645FD3A66C5.tif","compound","BRD-K89366998-001-02-4",5.00000000000000000641025641025641026463,"H-BIOA-002-1","CO[C@@H]1C[C@H](C[C@@H](C)[C@@H]2CC(=O)[C@H](C)C=C(C)[C@@H](O)[C@@H](OC)C(=O)[C@H](C)C[C@H](C)C=CC=CC=C(C)[C@H](C[C@@H]3CC[C@@H](C)[C@@](O)(O3)C(=O)C(=O)N4CCCC[C@H]4C(=O)O2)OC)CC[C@H]1O","P20",20585,"RAPAMYCIN","Biomol International Inc.",3,1267554232577,"20585/","20585/","20585/","20585/","20585/"
3415,"IXMtest_P20_s4_w275D91882-C556-4BFC-980A-ACBD960A754F.tif","IXMtest_P20_s4_w1159D0397-58AC-49F0-8DB3-D66B7F87650F.tif","IXMtest_P20_s4_w5D9F46F52-EC38-4359-A4FF-55C308CCEA78.tif","IXMtest_P20_s4_w43AB7808B-5B53-4D22-BD33-72607ADD5420.tif","IXMtest_P20_s4_w3B7126F23-7E1C-4CF9-A8FB-D1B874AB9CF9.tif","compound","BRD-K89366998-001-02-4",5.00000000000000000641025641025641026463,"H-BIOA-002-1","CO[C@@H]1C[C@H](C[C@@H](C)[C@@H]2CC(=O)[C@H](C)C=C(C)[C@@H](O)[C@@H](OC)C(=O)[C@H](C)C[C@H](C)C=CC=CC=C(C)[C@H](C[C@@H]3CC[C@@H](C)[C@@](O)(O3)C(=O)C(=O)N4CCCC[C@H]4C(=O)O2)OC)CC[C@H]1O","P20",20585,"RAPAMYCIN","Biomol International Inc.",4,1267554236760,"20585/","20585/","20585/","20585/","20585/"
3416,"IXMtest_P20_s5_w2FC893940-621F-44D0-971B-3F6B2858A63F.tif","IXMtest_P20_s5_w1D3FD8F88-959C-4C0C-A36B-21F8FEA780A5.tif","IXMtest_P20_s5_w59F9B1A58-8D0A-4BAD-AA1F-B1A011673EBC.tif","IXMtest_P20_s5_w497FA3321-1915-473D-A00E-E8CA8C6C463C.tif","IXMtest_P20_s5_w3F8FEA87D-66F0-49D4-A3D6-9B00C4AC34B1.tif","compound","BRD-K89366998-001-02-4",5.00000000000000000641025641025641026463,"H-BIOA-002-1","CO[C@@H]1C[C@H](C[C@@H](C)[C@@H]2CC(=O)[C@H](C)C=C(C)[C@@H](O)[C@@H](OC)C(=O)[C@H](C)C[C@H](C)C=CC=CC=C(C)[C@H](C[C@@H]3CC[C@@H](C)[C@@](O)(O3)C(=O)C(=O)N4CCCC[C@H]4C(=O)O2)OC)CC[C@H]1O","P20",20585,"RAPAMYCIN","Biomol International Inc.",5,1267554241018,"20585/","20585/","20585/","20585/","20585/"
3417,"IXMtest_P20_s6_w2F1561605-E5D1-422A-8E1A-EF52FD0634EF.tif","IXMtest_P20_s6_w1D88B4B40-AAE6-4E51-A2D7-0A7EBB42CC8D.tif","IXMtest_P20_s6_w55FE9FEA0-6815-4AF2-9B97-670117DEA5D5.tif","IXMtest_P20_s6_w4E69B1501-B0BC-4DFB-B79D-6F16AF5247E0.tif","IXMtest_P20_s6_w3320F5F78-1B44-42A6-A5D6-436E6DA2AE66.tif","compound","BRD-K89366998-001-02-4",5.00000000000000000641025641025641026463,"H-BIOA-002-1","CO[C@@H]1C[C@H](C[C@@H](C)[C@@H]2CC(=O)[C@H](C)C=C(C)[C@@H](O)[C@@H](OC)C(=O)[C@H](C)C[C@H](C)C=CC=CC=C(C)[C@H](C[C@@H]3CC[C@@H](C)[C@@](O)(O3)C(=O)C(=O)N4CCCC[C@H]4C(=O)O2)OC)CC[C@H]1O","P20",20585,"RAPAMYCIN","Biomol International Inc.",6,1267554245396,"20585/","20585/","20585/","20585/","20585/"
3418,"IXMtest_P20_s7_w2679AC938-99D8-4D81-BE6C-9EDC13076910.tif","IXMtest_P20_s7_w152A5039E-E679-47BD-BCD4-15A379568913.tif","IXMtest_P20_s7_w597B08124-50F1-4865-9C02-8C4CF1D6A70F.tif","IXMtest_P20_s7_w49E3A6F78-3093-4E58-80A9-7F5B5D3F1DF2.tif","IXMtest_P20_s7_w3F2712E26-8BF1-4C7D-8051-F7693CCB4542.tif","compound","BRD-K89366998-001-02-4",5.00000000000000000641025641025641026463,"H-BIOA-002-1","CO[C@@H]1C[C@H](C[C@@H](C)[C@@H]2CC(=O)[C@H](C)C=C(C)[C@@H](O)[C@@H](OC)C(=O)[C@H](C)C[C@H](C)C=CC=CC=C(C)[C@H](C[C@@H]3CC[C@@H](C)[C@@](O)(O3)C(=O)C(=O)N4CCCC[C@H]4C(=O)O2)OC)CC[C@H]1O","P20",20585,"RAPAMYCIN","Biomol International Inc.",7,1267554249672,"20585/","20585/","20585/","20585/","20585/"
3419,"IXMtest_P20_s8_w257C07B33-4933-453F-B7E7-AF665F533884.tif","IXMtest_P20_s8_w1DFA7CA8E-DEA4-4F85-9F90-0B28C43BB58F.tif","IXMtest_P20_s8_w5426497C7-86B3-40CC-80B8-4B7CE9529987.tif","IXMtest_P20_s8_w42D494163-EFD3-41A3-91AA-47EA80C600ED.tif","IXMtest_P20_s8_w32E6CE85A-4AE3-4DFE-AA70-EFB125692DBB.tif","compound","BRD-K89366998-001-02-4",5.00000000000000000641025641025641026463,"H-BIOA-002-1","CO[C@@H]1C[C@H](C[C@@H](C)[C@@H]2CC(=O)[C@H](C)C=C(C)[C@@H](O)[C@@H](OC)C(=O)[C@H](C)C[C@H](C)C=CC=CC=C(C)[C@H](C[C@@H]3CC[C@@H](C)[C@@](O)(O3)C(=O)C(=O)N4CCCC[C@H]4C(=O)O2)OC)CC[C@H]1O","P20",20585,"RAPAMYCIN","Biomol International Inc.",8,1267554253873,"20585/","20585/","20585/","20585/","20585/"
3420,"IXMtest_P20_s9_w2F5F406A8-9FC0-4691-81C2-872E70F905D6.tif","IXMtest_P20_s9_w19E9181E6-54A8-4B54-AD42-7ABAF1B4E907.tif","IXMtest_P20_s9_w55998FA5A-5AA4-43D5-846D-C7BF16B5A1EC.tif","IXMtest_P20_s9_w4CD8DBFDE-EB53-4BDA-97B5-7989C4CEFD97.tif","IXMtest_P20_s9_w36183701A-4D4D-45CB-9230-ECE72B0A7110.tif","compound","BRD-K89366998-001-02-4",5.00000000000000000641025641025641026463,"H-BIOA-002-1","CO[C@@H]1C[C@H](C[C@@H](C)[C@@H]2CC(=O)[C@H](C)C=C(C)[C@@H](O)[C@@H](OC)C(=O)[C@H](C)C[C@H](C)C=CC=CC=C(C)[C@H](C[C@@H]3CC[C@@H](C)[C@@](O)(O3)C(=O)C(=O)N4CCCC[C@H]4C(=O)O2)OC)CC[C@H]1O","P20",20585,"RAPAMYCIN","Biomol International Inc.",9,1267554258139,"20585/","20585/","20585/","20585/","20585/"
20692,"IXMtest_P20_s1_w2BDC98F65-7DA6-4602-A59C-A22177357042.tif","IXMtest_P20_s1_w13D738598-F34D-4428-B5EE-4A8E0AAA01B9.tif","IXMtest_P20_s1_w5E39CBCFB-75FB-4570-859F-1EAAFD23B98E.tif","IXMtest_P20_s1_w4DF3F9CA2-B4EC-4A64-91A1-5C6AC9D93014.tif","IXMtest_P20_s1_w37C6777C9-32CD-4CE3-A288-06FD9EC94EE7.tif","compound","BRD-K89366998-001-02-4",5.00000000000000000641025641025641026463,"H-BIOA-002-1","CO[C@@H]1C[C@H](C[C@@H](C)[C@@H]2CC(=O)[C@H](C)C=C(C)[C@@H](O)[C@@H](OC)C(=O)[C@H](C)C[C@H](C)C=CC=CC=C(C)[C@H](C[C@@H]3CC[C@@H](C)[C@@](O)(O3)C(=O)C(=O)N4CCCC[C@H]4C(=O)O2)OC)CC[C@H]1O","P20",20592,"RAPAMYCIN","Biomol International Inc.",1,1267640146027,"20592/","20592/","20592/","20592/","20592/"
20693,"IXMtest_P20_s2_w202E08303-5AE3-48F4-B299-C0DBB811A5F1.tif","IXMtest_P20_s2_w19535B35C-1CAF-4CE4-87C5-B76A6EE69365.tif","IXMtest_P20_s2_w518F0301F-496A-4CC6-B76B-2FA8A71430E9.tif","IXMtest_P20_s2_w44AA31024-41D8-4AE2-9CCE-C29FEA0999AC.tif","IXMtest_P20_s2_w32AB45EB7-7931-4357-A842-BE43A0B2F44F.tif","compound","BRD-K89366998-001-02-4",5.00000000000000000641025641025641026463,"H-BIOA-002-1","CO[C@@H]1C[C@H](C[C@@H](C)[C@@H]2CC(=O)[C@H](C)C=C(C)[C@@H](O)[C@@H](OC)C(=O)[C@H](C)C[C@H](C)C=CC=CC=C(C)[C@H](C[C@@H]3CC[C@@H](C)[C@@](O)(O3)C(=O)C(=O)N4CCCC[C@H]4C(=O)O2)OC)CC[C@H]1O","P20",20592,"RAPAMYCIN","Biomol International Inc.",2,1267640150143,"20592/","20592/","20592/","20592/","20592/"
20694,"IXMtest_P20_s3_w2003CB8EC-0293-45D2-8745-17FFB597AD9C.tif","IXMtest_P20_s3_w11378AF2E-7821-4F16-B974-081919880806.tif","IXMtest_P20_s3_w50924FA03-A14D-4DE9-BB8C-2B41542D7ACA.tif","IXMtest_P20_s3_w419C0058C-7924-467B-9678-798D336181F8.tif","IXMtest_P20_s3_w391E4E48E-1519-4D5B-9F8E-9CEE98041ECD.tif","compound","BRD-K89366998-001-02-4",5.00000000000000000641025641025641026463,"H-BIOA-002-1","CO[C@@H]1C[C@H](C[C@@H](C)[C@@H]2CC(=O)[C@H](C)C=C(C)[C@@H](O)[C@@H](OC)C(=O)[C@H](C)C[C@H](C)C=CC=CC=C(C)[C@H](C[C@@H]3CC[C@@H](C)[C@@](O)(O3)C(=O)C(=O)N4CCCC[C@H]4C(=O)O2)OC)CC[C@H]1O","P20",20592,"RAPAMYCIN","Biomol International Inc.",3,1267640154357,"20592/","20592/","20592/","20592/","20592/"
20695,"IXMtest_P20_s4_w27193DD8B-2C7D-4C01-8327-D48E2E095372.tif","IXMtest_P20_s4_w19A7BAA44-248D-4E82-913A-1024B218F33C.tif","IXMtest_P20_s4_w5246749AA-FBE1-4B50-8EC9-6FE51D5F2B97.tif","IXMtest_P20_s4_w46BC83A91-C08F-40F5-BC5C-441BC83B9467.tif","IXMtest_P20_s4_w3FE688F90-2606-46BD-8114-EF1F969E04B0.tif","compound","BRD-K89366998-001-02-4",5.00000000000000000641025641025641026463,"H-BIOA-002-1","CO[C@@H]1C[C@H](C[C@@H](C)[C@@H]2CC(=O)[C@H](C)C=C(C)[C@@H](O)[C@@H](OC)C(=O)[C@H](C)C[C@H](C)C=CC=CC=C(C)[C@H](C[C@@H]3CC[C@@H](C)[C@@](O)(O3)C(=O)C(=O)N4CCCC[C@H]4C(=O)O2)OC)CC[C@H]1O","P20",20592,"RAPAMYCIN","Biomol International Inc.",4,1267640161460,"20592/","20592/","20592/","20592/","20592/"
20696,"IXMtest_P20_s5_w2FACE1EA9-FE99-47D7-BA8A-0ECA98251793.tif","IXMtest_P20_s5_w1AD7E33B3-BFEB-441D-B5E5-3ED617975E97.tif","IXMtest_P20_s5_w5649C1CF3-73A3-4782-B5D5-093CCB2E9F5B.tif","IXMtest_P20_s5_w417187B9D-FA02-4505-AED6-AF2EB45E562B.tif","IXMtest_P20_s5_w349D4BF7E-B884-45E6-825E-3A3338EDAD10.tif","compound","BRD-K89366998-001-02-4",5.00000000000000000641025641025641026463,"H-BIOA-002-1","CO[C@@H]1C[C@H](C[C@@H](C)[C@@H]2CC(=O)[C@H](C)C=C(C)[C@@H](O)[C@@H](OC)C(=O)[C@H](C)C[C@H](C)C=CC=CC=C(C)[C@H](C[C@@H]3CC[C@@H](C)[C@@](O)(O3)C(=O)C(=O)N4CCCC[C@H]4C(=O)O2)OC)CC[C@H]1O","P20",20592,"RAPAMYCIN","Biomol International Inc.",5,1267640162840,"20592/","20592/","20592/","20592/","20592/"
20697,"IXMtest_P20_s6_w2B6AEA080-848A-435C-BB4A-AE3C0CAB6F05.tif","IXMtest_P20_s6_w147C76319-4031-492F-9497-6045D886BA06.tif","IXMtest_P20_s6_w5AEFDDAEE-9AC8-42F2-9166-3DDE3043E706.tif","IXMtest_P20_s6_w405235EB5-939E-4028-9BC1-6A97C9C577DE.tif","IXMtest_P20_s6_w39ABEE561-87B4-47D7-956E-C54841B7EE94.tif","compound","BRD-K89366998-001-02-4",5.00000000000000000641025641025641026463,"H-BIOA-002-1","CO[C@@H]1C[C@H](C[C@@H](C)[C@@H]2CC(=O)[C@H](C)C=C(C)[C@@H](O)[C@@H](OC)C(=O)[C@H](C)C[C@H](C)C=CC=CC=C(C)[C@H](C[C@@H]3CC[C@@H](C)[C@@](O)(O3)C(=O)C(=O)N4CCCC[C@H]4C(=O)O2)OC)CC[C@H]1O","P20",20592,"RAPAMYCIN","Biomol International Inc.",6,1267640166867,"20592/","20592/","20592/","20592/","20592/"
20698,"IXMtest_P20_s7_w27A4198DE-02E8-4BDD-969B-A30F2D5C3303.tif","IXMtest_P20_s7_w19A60ABFC-84EF-4450-AF85-26950C7A7847.tif","IXMtest_P20_s7_w5CCF52AE3-6B71-437B-9E9F-EDD0DA029B8F.tif","IXMtest_P20_s7_w49548A18D-6F99-4188-A75C-2ED4EE753827.tif","IXMtest_P20_s7_w37F05ED27-A9CF-450D-A125-2CD8754E519D.tif","compound","BRD-K89366998-001-02-4",5.00000000000000000641025641025641026463,"H-BIOA-002-1","CO[C@@H]1C[C@H](C[C@@H](C)[C@@H]2CC(=O)[C@H](C)C=C(C)[C@@H](O)[C@@H](OC)C(=O)[C@H](C)C[C@H](C)C=CC=CC=C(C)[C@H](C[C@@H]3CC[C@@H](C)[C@@](O)(O3)C(=O)C(=O)N4CCCC[C@H]4C(=O)O2)OC)CC[C@H]1O","P20",20592,"RAPAMYCIN","Biomol International Inc.",7,1267640170888,"20592/","20592/","20592/","20592/","20592/"
20699,"IXMtest_P20_s8_w26313B4F2-82D1-4C5E-AF69-D7CB27E11A23.tif","IXMtest_P20_s8_w1A6AAE123-3DFB-4259-B36A-09E75E52814E.tif","IXMtest_P20_s8_w5D3833C5F-1E08-4357-954A-842BC6ECD7E6.tif","IXMtest_P20_s8_w4564AD075-C5C7-4241-B959-0C558E96B08A.tif","IXMtest_P20_s8_w381401D4E-E968-49A0-A6FC-63994CCB9A9A.tif","compound","BRD-K89366998-001-02-4",5.00000000000000000641025641025641026463,"H-BIOA-002-1","CO[C@@H]1C[C@H](C[C@@H](C)[C@@H]2CC(=O)[C@H](C)C=C(C)[C@@H](O)[C@@H](OC)C(=O)[C@H](C)C[C@H](C)C=CC=CC=C(C)[C@H](C[C@@H]3CC[C@@H](C)[C@@](O)(O3)C(=O)C(=O)N4CCCC[C@H]4C(=O)O2)OC)CC[C@H]1O","P20",20592,"RAPAMYCIN","Biomol International Inc.",8,1267640175392,"20592/","20592/","20592/","20592/","20592/"
20700,"IXMtest_P20_s9_w25A2BB54A-0F7A-4E7C-BC87-0A485085C03B.tif","IXMtest_P20_s9_w1C5321C91-1BA4-4C34-A966-358BCF392FA9.tif","IXMtest_P20_s9_w58AC5E421-D0FA-4516-ADDF-48B92B454C0E.tif","IXMtest_P20_s9_w4846DE331-792E-4406-A4C9-C0166A8F2509.tif","IXMtest_P20_s9_w3EE5A17F3-D371-42EC-AD19-E0DEE00A1C2B.tif","compound","BRD-K89366998-001-02-4",5.00000000000000000641025641025641026463,"H-BIOA-002-1","CO[C@@H]1C[C@H](C[C@@H](C)[C@@H]2CC(=O)[C@H](C)C=C(C)[C@@H](O)[C@@H](OC)C(=O)[C@H](C)C[C@H](C)C=CC=CC=C(C)[C@H](C[C@@H]3CC[C@@H](C)[C@@](O)(O3)C(=O)C(=O)N4CCCC[C@H]4C(=O)O2)OC)CC[C@H]1O","P20",20592,"RAPAMYCIN","Biomol International Inc.",9,1267640179721,"20592/","20592/","20592/","20592/","20592/"
37972,"IXMtest_P20_s1_w2C5D32A5D-76E2-46B1-9D16-164FBD6531F6.tif","IXMtest_P20_s1_w151F12E64-AC3D-4611-A033-A554228AB539.tif","IXMtest_P20_s1_w577ADD8FE-8010-4924-86B7-F738F989F54A.tif","IXMtest_P20_s1_w4BE5A0850-E7EF-4F02-BB3A-43CA0DD9577B.tif","IXMtest_P20_s1_w3377C9760-61E5-4B43-8679-20BF80D45350.tif","compound","BRD-K89366998-001-02-4",5.00000000000000000641025641025641026463,"H-BIOA-002-1","CO[C@@H]1C[C@H](C[C@@H](C)[C@@H]2CC(=O)[C@H](C)C=C(C)[C@@H](O)[C@@H](OC)C(=O)[C@H](C)C[C@H](C)C=CC=CC=C(C)[C@H](C[C@@H]3CC[C@@H](C)[C@@](O)(O3)C(=O)C(=O)N4CCCC[C@H]4C(=O)O2)OC)CC[C@H]1O","P20",20607,"RAPAMYCIN","Biomol International Inc.",1,1267754157260,"20607/","20607/","20607/","20607/","20607/"
37973,"IXMtest_P20_s2_w2E31037F3-F6E9-4FFB-885D-DA0162E824A3.tif","IXMtest_P20_s2_w1F04E82AE-6165-40D4-978A-E5FE86087D28.tif","IXMtest_P20_s2_w540ED7BA2-5F6D-494D-8F7E-0B0394266C56.tif","IXMtest_P20_s2_w4A65F4FDB-99B7-4A95-86FA-A1CC92B04DA5.tif","IXMtest_P20_s2_w3E98F1818-BD4F-47D5-8240-BC8A9E5E09F0.tif","compound","BRD-K89366998-001-02-4",5.00000000000000000641025641025641026463,"H-BIOA-002-1","CO[C@@H]1C[C@H](C[C@@H](C)[C@@H]2CC(=O)[C@H](C)C=C(C)[C@@H](O)[C@@H](OC)C(=O)[C@H](C)C[C@H](C)C=CC=CC=C(C)[C@H](C[C@@H]3CC[C@@H](C)[C@@](O)(O3)C(=O)C(=O)N4CCCC[C@H]4C(=O)O2)OC)CC[C@H]1O","P20",20607,"RAPAMYCIN","Biomol International Inc.",2,1267754161493,"20607/","20607/","20607/","20607/","20607/"
37974,"IXMtest_P20_s3_w2A46B86D5-4483-49BD-82CB-AEE595AC7B0C.tif","IXMtest_P20_s3_w107036027-8EBC-46B3-A3FE-D1068B22620C.tif","IXMtest_P20_s3_w535E56AED-7F31-4AD8-8DF3-C68A53BC6E4C.tif","IXMtest_P20_s3_w469C0AC52-5F85-4D9D-AD44-B72AC1D1D312.tif","IXMtest_P20_s3_w317FA1852-341E-4B41-A359-226291BE7B2F.tif","compound","BRD-K89366998-001-02-4",5.00000000000000000641025641025641026463,"H-BIOA-002-1","CO[C@@H]1C[C@H](C[C@@H](C)[C@@H]2CC(=O)[C@H](C)C=C(C)[C@@H](O)[C@@H](OC)C(=O)[C@H](C)C[C@H](C)C=CC=CC=C(C)[C@H](C[C@@H]3CC[C@@H](C)[C@@](O)(O3)C(=O)C(=O)N4CCCC[C@H]4C(=O)O2)OC)CC[C@H]1O","P20",20607,"RAPAMYCIN","Biomol International Inc.",3,1267754165587,"20607/","20607/","20607/","20607/","20607/"
37975,"IXMtest_P20_s4_w2A2A6CD3B-1902-434B-8F87-761FBF8E3A11.tif","IXMtest_P20_s4_w10DAE6DAC-3074-44F2-81F5-C5AFCA341E3A.tif","IXMtest_P20_s4_w534930979-4387-4283-B039-E91549DD84FB.tif","IXMtest_P20_s4_w496A76C39-5364-4DDE-9930-4BD3B0C6A2B0.tif","IXMtest_P20_s4_w354149419-734D-4313-A620-24806D79332B.tif","compound","BRD-K89366998-001-02-4",5.00000000000000000641025641025641026463,"H-BIOA-002-1","CO[C@@H]1C[C@H](C[C@@H](C)[C@@H]2CC(=O)[C@H](C)C=C(C)[C@@H](O)[C@@H](OC)C(=O)[C@H](C)C[C@H](C)C=CC=CC=C(C)[C@H](C[C@@H]3CC[C@@H](C)[C@@](O)(O3)C(=O)C(=O)N4CCCC[C@H]4C(=O)O2)OC)CC[C@H]1O","P20",20607,"RAPAMYCIN","Biomol International Inc.",4,1267754169745,"20607/","20607/","20607/","20607/","20607/"
37976,"IXMtest_P20_s5_w2C3C60DAE-F2D2-4DC2-810F-A86B8F5BD679.tif","IXMtest_P20_s5_w15D5A85F0-B227-4614-A54B-1471001E7E0B.tif","IXMtest_P20_s5_w520E5D32D-EBA3-4DAF-BE3F-3065CC909015.tif","IXMtest_P20_s5_w43D8B0854-9E59-458B-B8FD-7B8345AE34B5.tif","IXMtest_P20_s5_w396655993-2245-49F2-B88D-79C550DEF06D.tif","compound","BRD-K89366998-001-02-4",5.00000000000000000641025641025641026463,"H-BIOA-002-1","CO[C@@H]1C[C@H](C[C@@H](C)[C@@H]2CC(=O)[C@H](C)C=C(C)[C@@H](O)[C@@H](OC)C(=O)[C@H](C)C[C@H](C)C=CC=CC=C(C)[C@H](C[C@@H]3CC[C@@H](C)[C@@](O)(O3)C(=O)C(=O)N4CCCC[C@H]4C(=O)O2)OC)CC[C@H]1O","P20",20607,"RAPAMYCIN","Biomol International Inc.",5,1267754174005,"20607/","20607/","20607/","20607/","20607/"
37977,"IXMtest_P20_s6_w254F15F09-1108-4E70-AA2F-241F59A7E7A5.tif","IXMtest_P20_s6_w1B6910D91-EAE2-430D-82A3-2A795A88779F.tif","IXMtest_P20_s6_w56E0DAD80-EBBF-4F21-9375-EB9F3F1A4BDE.tif","IXMtest_P20_s6_w4673F25D8-6D77-4CDE-BBD3-CDD30A1CDF05.tif","IXMtest_P20_s6_w3C606DEF5-F9C2-4BB6-AA89-735CD59F5584.tif","compound","BRD-K89366998-001-02-4",5.00000000000000000641025641025641026463,"H-BIOA-002-1","CO[C@@H]1C[C@H](C[C@@H](C)[C@@H]2CC(=O)[C@H](C)C=C(C)[C@@H](O)[C@@H](OC)C(=O)[C@H](C)C[C@H](C)C=CC=CC=C(C)[C@H](C[C@@H]3CC[C@@H](C)[C@@](O)(O3)C(=O)C(=O)N4CCCC[C@H]4C(=O)O2)OC)CC[C@H]1O","P20",20607,"RAPAMYCIN","Biomol International Inc.",6,1267754178201,"20607/","20607/","20607/","20607/","20607/"
37978,"IXMtest_P20_s7_w2DF93190A-4705-43F7-A216-FEC4DDE0B934.tif","IXMtest_P20_s7_w1F088E126-09E1-42EB-9123-B5263D062F1A.tif","IXMtest_P20_s7_w5A227503E-B5B1-4AE5-8B95-238EF62C4887.tif","IXMtest_P20_s7_w4733465F6-CDB2-4DFE-A075-1582437B5BD9.tif","IXMtest_P20_s7_w36B43666A-30B0-43E9-97CE-69B052BFD5B7.tif","compound","BRD-K89366998-001-02-4",5.00000000000000000641025641025641026463,"H-BIOA-002-1","CO[C@@H]1C[C@H](C[C@@H](C)[C@@H]2CC(=O)[C@H](C)C=C(C)[C@@H](O)[C@@H](OC)C(=O)[C@H](C)C[C@H](C)C=CC=CC=C(C)[C@H](C[C@@H]3CC[C@@H](C)[C@@](O)(O3)C(=O)C(=O)N4CCCC[C@H]4C(=O)O2)OC)CC[C@H]1O","P20",20607,"RAPAMYCIN","Biomol International Inc.",7,1267754182315,"20607/","20607/","20607/","20607/","20607/"
37979,"IXMtest_P20_s8_w2E6CE3989-528F-4FA5-9B87-227FC5BF32A3.tif","IXMtest_P20_s8_w1DD7F98FE-E215-4CDB-A826-AF0041254B09.tif","IXMtest_P20_s8_w5AE9CDE03-CE06-419C-BCFB-1E3198FC7BB0.tif","IXMtest_P20_s8_w440F1E881-B8A9-4E30-B581-71266C552403.tif","IXMtest_P20_s8_w3B8EE8266-E954-455B-B972-35F8A56F405B.tif","compound","BRD-K89366998-001-02-4",5.00000000000000000641025641025641026463,"H-BIOA-002-1","CO[C@@H]1C[C@H](C[C@@H](C)[C@@H]2CC(=O)[C@H](C)C=C(C)[C@@H](O)[C@@H](OC)C(=O)[C@H](C)C[C@H](C)C=CC=CC=C(C)[C@H](C[C@@H]3CC[C@@H](C)[C@@](O)(O3)C(=O)C(=O)N4CCCC[C@H]4C(=O)O2)OC)CC[C@H]1O","P20",20607,"RAPAMYCIN","Biomol International Inc.",8,1267754186449,"20607/","20607/","20607/","20607/","20607/"
37980,"IXMtest_P20_s9_w29846AB70-F3E4-4C9E-8FFD-0B55331D9552.tif","IXMtest_P20_s9_w1510BFA11-F44D-4BB1-B95D-A43906DE3A61.tif","IXMtest_P20_s9_w50C0E95FB-691E-48BD-B811-F793DD7B55D2.tif","IXMtest_P20_s9_w47AE55D59-D668-4612-9E59-CA92EC3A37D0.tif","IXMtest_P20_s9_w3C12FCF71-A0D6-41EC-BB7A-3EC9F29DD856.tif","compound","BRD-K89366998-001-02-4",5.00000000000000000641025641025641026463,"H-BIOA-002-1","CO[C@@H]1C[C@H](C[C@@H](C)[C@@H]2CC(=O)[C@H](C)C=C(C)[C@@H](O)[C@@H](OC)C(=O)[C@H](C)C[C@H](C)C=CC=CC=C(C)[C@H](C[C@@H]3CC[C@@H](C)[C@@](O)(O3)C(=O)C(=O)N4CCCC[C@H]4C(=O)O2)OC)CC[C@H]1O","P20",20607,"RAPAMYCIN","Biomol International Inc.",9,1267754190518,"20607/","20607/","20607/","20607/","20607/"